[{"id":1,"first_name":"Maryanna","last_name":"Guntrip","email":"mguntrip0@rambler.ru","skill":["International Relations","Xsan","ENOVIA LCA","Urban Studies","HTC"],"salary":49237},
{"id":2,"first_name":"Malinda","last_name":"Lelliott","email":"mlelliott1@shutterfly.com","skill":["Biblical Studies","Systems Analysis","FM/2","RLU","OS/400"],"salary":18564},
{"id":3,"first_name":"Marys","last_name":"Chapell","email":"mchapell2@live.com","skill":["UIKit","Data Guard","EEOC","RT-PCR","BTO"],"salary":36285},
{"id":4,"first_name":"Griffy","last_name":"Ratter","email":"gratter3@t-online.de","skill":["Vector NTI","Cycling","Office Administration","Alzheimer&#39;s Disease","High Yield Bonds"],"salary":45982},
{"id":5,"first_name":"Paige","last_name":"Filippazzo","email":"pfilippazzo4@pbs.org","skill":["LSL","Social Psychology","Lubricants","ELISA","NPL"],"salary":49950},
{"id":6,"first_name":"Elke","last_name":"Pretley","email":"epretley5@princeton.edu","skill":["FM200","Web Typography","Nios II","Sleep Medicine","Mobile Devices"],"salary":23454},
{"id":7,"first_name":"Kimbell","last_name":"Playden","email":"kplayden6@alibaba.com","skill":["PY","Object Oriented Perl","Data Mining","GC-MS","SAP BW"],"salary":45680},
{"id":8,"first_name":"Trude","last_name":"Wilcockes","email":"twilcockes7@shutterfly.com","skill":["QAS","LynxOS","MCSA Security","NLB","Western Blotting"],"salary":25484},
{"id":9,"first_name":"Bonni","last_name":"Hamlington","email":"bhamlington8@hc360.com","skill":["HMI Programming","Water Quality","Grievances","Acting","Kaspersky"],"salary":47175},
{"id":10,"first_name":"Georgy","last_name":"Lampbrecht","email":"glampbrecht9@moonfruit.com","skill":["Statistical Data Analysis","MPI","Xbox","Bass Guitar","General Surgery"],"salary":30334},
{"id":11,"first_name":"Ashely","last_name":"Loan","email":"aloana@hugedomains.com","skill":["Public Health","MXP","Social Media Outreach","Juvenile Justice","Structural Dynamics"],"salary":28653},
{"id":12,"first_name":"Tobi","last_name":"Guitte","email":"tguitteb@twitpic.com","skill":["Blogger","Pipefitting","MCITP","XML-RPC","BMC Remedy Ticketing System"],"salary":27048},
{"id":13,"first_name":"Curtice","last_name":"Scullion","email":"cscullionc@dmoz.org","skill":["Rsync","Global Mobility","SBA","UG","Credit Analysis"],"salary":21480},
{"id":14,"first_name":"Weylin","last_name":"Worstall","email":"wworstalld@ed.gov","skill":["LVDS","Medical Education","HDL Designer","Kronos Timekeeping","HR Policy Formulation"],"salary":34399},
{"id":15,"first_name":"Dorree","last_name":"Prangnell","email":"dprangnelle@printfriendly.com","skill":["Multi-Unit Management","Petroleum Engineering","Jenark","Power Systems","Core Banking"],"salary":30948},
{"id":16,"first_name":"Cad","last_name":"Lathbury","email":"clathburyf@bbb.org","skill":["EPC","OOS","ERD","OLTP","Komodo Edit"],"salary":41333},
{"id":17,"first_name":"Lynnell","last_name":"Storrs","email":"lstorrsg@hugedomains.com","skill":["Business Process Improvement","McAfee Antivirus","LS-DYNA","Analytical Ultracentrifugation","Sustainability"],"salary":31693},
{"id":18,"first_name":"Joete","last_name":"Sambeck","email":"jsambeckh@google.fr","skill":["Member of IEEE","Staff Development","Film Production","Jin Shin Jyutsu","Aquaculture"],"salary":35652},
{"id":19,"first_name":"Amby","last_name":"Caulier","email":"acaulieri@angelfire.com","skill":["HP NonStop","Framing","Aerospace","MTTR","Nginx"],"salary":18919},
{"id":20,"first_name":"Kipp","last_name":"Mewitt","email":"kmewittj@example.com","skill":["Scanning Electron Microscopy","TK Solver","Onshore","DGA","High Net Worth Individuals"],"salary":19525},
{"id":21,"first_name":"Larissa","last_name":"Curling","email":"lcurlingk@tinyurl.com","skill":["Trade Marketing","Rsync","Jazz","Cvent","Affiliate Management"],"salary":45119},
{"id":22,"first_name":"Davis","last_name":"Allworthy","email":"dallworthyl@topsy.com","skill":["WPC","DNS Server","Data Management","RFI","XACML"],"salary":24446},
{"id":23,"first_name":"Rockwell","last_name":"Zieme","email":"rziemem@bing.com","skill":["Non-profit Volunteering","Visual Studio","Force Protection","IA32","Flooring"],"salary":39346},
{"id":24,"first_name":"Ryley","last_name":"McKleod","email":"rmckleodn@examiner.com","skill":["VSTO","CTM","Overcoming Challenges","Microsoft SQL Server","Intercultural Awareness"],"salary":47391},
{"id":25,"first_name":"Carlin","last_name":"Selly","email":"csellyo@icq.com","skill":["Aerodynamics","MKS Integrity","Rhythm Guitar","Overall Wellness","Food Industry"],"salary":37343},
{"id":26,"first_name":"Diandra","last_name":"Jaeggi","email":"djaeggip@spotify.com","skill":["Food Quality","JCL","Market Research","Bank-owned Properties","Yahoo Search Marketing"],"salary":35777},
{"id":27,"first_name":"Nathalie","last_name":"Godbald","email":"ngodbaldq@homestead.com","skill":["Kickboxing","Mobile Applications","MC2","Jidoka","mTAB"],"salary":34926},
{"id":28,"first_name":"Nick","last_name":"Twigger","email":"ntwiggerr@bbb.org","skill":["Java","Online Help","RCS Selector","eHealth","IGMP"],"salary":36258},
{"id":29,"first_name":"Creight","last_name":"Heeps","email":"cheepss@xrea.com","skill":["Ethernet","VHF","Loss Prevention","Loan Origination","Natural Resource Management"],"salary":23391},
{"id":30,"first_name":"Cathy","last_name":"Baldry","email":"cbaldryt@yahoo.co.jp","skill":["PCS7","NQA-1","CXO","TMAP","ETABS"],"salary":21285},
{"id":31,"first_name":"Ardra","last_name":"Conquest","email":"aconquestu@omniture.com","skill":["Global Strategy","Police","LSAMS","CGL","IPTV"],"salary":43269},
{"id":32,"first_name":"Hamil","last_name":"Plowman","email":"hplowmanv@wikispaces.com","skill":["HR Project Management","Outlook Express","Branch Banking","SWAT","OSPF"],"salary":31356},
{"id":33,"first_name":"Katuscha","last_name":"Gioani","email":"kgioaniw@usa.gov","skill":["Agents","OLTP","Cycle Counting","Pro-IV","Ignite-UX"],"salary":37137},
{"id":34,"first_name":"Tymon","last_name":"Crimpe","email":"tcrimpex@mail.ru","skill":["Visual Merchandising","Pyramix","ILOG","Mycology","Gstreamer"],"salary":34609},
{"id":35,"first_name":"Elfreda","last_name":"Bonifazio","email":"ebonifazioy@quantcast.com","skill":["MRI","Cash Handling","Diagnostic Ultrasound","IVIG","Tactics"],"salary":29855},
{"id":36,"first_name":"Constantia","last_name":"Haley","email":"chaleyz@goo.gl","skill":["Chi Nei Tsang","PowerPoint","RRDTool","Outdoor Kitchens","Loan Origination"],"salary":17351},
{"id":37,"first_name":"Tymon","last_name":"de Voiels","email":"tdevoiels10@geocities.com","skill":["GNU C","Flight Safety","Qt","Sports Play-by-play","HVAC Design"],"salary":37826},
{"id":38,"first_name":"Kaia","last_name":"O'Mahoney","email":"komahoney11@e-recht24.de","skill":["MLA Style","TPE","Aquatint","VHDL-AMS","Oxides"],"salary":41878},
{"id":39,"first_name":"Kerby","last_name":"Male","email":"kmale12@usnews.com","skill":["SBT","Getting to Yes","Java Applets","Electrical Controls","SBA"],"salary":31974},
{"id":40,"first_name":"Daryl","last_name":"Ertel","email":"dertel13@hibu.com","skill":["Employee Benefits","Export","Ebooks","PeopleSoft","Requirements Gathering"],"salary":48041},
{"id":41,"first_name":"Catharine","last_name":"Weigh","email":"cweigh14@de.vu","skill":["IEC","Snowmobile","Game Development","Wellbeing","FS-CD"],"salary":39596},
{"id":42,"first_name":"Florella","last_name":"Clamp","email":"fclamp15@google.com.au","skill":["Ethics","Substance Abuse Prevention","Csh","IAR Embedded Workbench","Interactive Whiteboard"],"salary":47632},
{"id":43,"first_name":"Mart","last_name":"Jarman","email":"mjarman16@virginia.edu","skill":["NSIS","MVNE","JSLint","VO","DFX"],"salary":22761},
{"id":44,"first_name":"Keir","last_name":"Martinson","email":"kmartinson17@godaddy.com","skill":["Youth Leadership","CPP","Ethical Decision Making","McAfee Antivirus","Rhinoceros"],"salary":18260},
{"id":45,"first_name":"Orin","last_name":"Bulcroft","email":"obulcroft18@lycos.com","skill":["BLS","After FX","Windows Vista","Property &amp; Casualty Insurance","Web Applications"],"salary":15405},
{"id":46,"first_name":"Dewey","last_name":"Blackstock","email":"dblackstock19@g.co","skill":["Squid","NI Multisim","NFS","OS/400","Hodes IQ"],"salary":34542},
{"id":47,"first_name":"Eada","last_name":"Heamus","email":"eheamus1a@squidoo.com","skill":["Lean Manufacturing","Sensory Evaluation","YouTube","Owner Representation","GPON"],"salary":30780},
{"id":48,"first_name":"Duke","last_name":"Rainsden","email":"drainsden1b@cornell.edu","skill":["Digital IC Design","MDSD","MDSD","HSRP","uDig"],"salary":24212},
{"id":49,"first_name":"Kiel","last_name":"Lindelof","email":"klindelof1c@tinyurl.com","skill":["LCD","Start-up Ventures","Key Account Relationship Building","RRSP","Yammer"],"salary":32188},
{"id":50,"first_name":"Vittoria","last_name":"Roome","email":"vroome1d@va.gov","skill":["PQRI","Oil Sands","Qualitative Research","UC4","WDK"],"salary":21332},
{"id":51,"first_name":"Merline","last_name":"Renoden","email":"mrenoden1e@oracle.com","skill":["Yacht Racing","Klout","Android SDK","Facilitation","RSL"],"salary":26339},
{"id":52,"first_name":"Gregorius","last_name":"Jorcke","email":"gjorcke1f@columbia.edu","skill":["GDS systems","IFS","Adult CPR","Slip &amp; Fall","Hospitality Industry"],"salary":15289},
{"id":53,"first_name":"Ingemar","last_name":"Althrope","email":"ialthrope1g@cargocollective.com","skill":["Geophysics","Eye Exams","MHP","HtmlUnit","WSRR"],"salary":39117},
{"id":54,"first_name":"Angelita","last_name":"Jaggard","email":"ajaggard1h@baidu.com","skill":["Knowledge Representation","LBO","Old English","Blender","JSA"],"salary":30367},
{"id":55,"first_name":"Kerrin","last_name":"Penwarden","email":"kpenwarden1i@yale.edu","skill":["Kurzweil","Budgets","Hypermesh","CMMS","Automotive Engineering"],"salary":31106},
{"id":56,"first_name":"Devin","last_name":"Augustus","email":"daugustus1j@pagesperso-orange.fr","skill":["IBM pSeries","CPE","Outsourcing Management","Oil &amp; Gas Accounting","UK Law"],"salary":40856},
{"id":57,"first_name":"Margery","last_name":"Pykett","email":"mpykett1k@vkontakte.ru","skill":["SFTP","DPM","XBRL","BPH","OTP"],"salary":42962},
{"id":58,"first_name":"Ava","last_name":"Truter","email":"atruter1l@salon.com","skill":["BMP design","Mplus","PQQs","Cost Accounting","AHA"],"salary":49686},
{"id":59,"first_name":"Tomasine","last_name":"Hubatsch","email":"thubatsch1m@ucoz.ru","skill":["Structural Dynamics","RNC","Kenan FX","Analog Circuit Design","PVM"],"salary":23395},
{"id":60,"first_name":"Kissie","last_name":"Jacson","email":"kjacson1n@over-blog.com","skill":["MHE","eWFM","WPS","WAN","Account Reconciliation"],"salary":38896},
{"id":61,"first_name":"Tades","last_name":"Harmer","email":"tharmer1o@nymag.com","skill":["Organic Chemistry","GMF","PSpice","Development Economics","eHRPD"],"salary":28068},
{"id":62,"first_name":"Abby","last_name":"Cardoso","email":"acardoso1p@addthis.com","skill":["Rhinoplasty","User-centered Design","Rig","MBOX","Kyphoplasty"],"salary":27256},
{"id":63,"first_name":"Dame","last_name":"Mokes","email":"dmokes1q@amazon.co.uk","skill":["CCVP","Email Marketing","DVCProHD","Ubiquitous Computing","Aquatic Toxicology"],"salary":21426},
{"id":64,"first_name":"Clyve","last_name":"Noyce","email":"cnoyce1r@google.de","skill":["Development Economics","LRO","Omnet++","Gnome","HR Solutions"],"salary":30750},
{"id":65,"first_name":"Molli","last_name":"Skaid","email":"mskaid1s@posterous.com","skill":["Engineering Management","Music Theory","LTACH","Team Effectiveness","Aquariums"],"salary":45049},
{"id":66,"first_name":"Ezri","last_name":"Howchin","email":"ehowchin1t@hexun.com","skill":["Indoor Air Quality","New Media","Nintex","Academic Advising","E-zines"],"salary":31704},
{"id":67,"first_name":"Emanuel","last_name":"Telfer","email":"etelfer1u@addtoany.com","skill":["IBM Certified","FM200","EFQM Excellence Model","IoC","PWS"],"salary":44629},
{"id":68,"first_name":"Arley","last_name":"Gillfillan","email":"agillfillan1v@java.com","skill":["GNU tools","SNP genotyping","GTK","CISA","IBM Websphere Commerce"],"salary":16642},
{"id":69,"first_name":"Durand","last_name":"Allsup","email":"dallsup1w@skype.com","skill":["RFID Applications","TCD","Light Rail","DVB-RCS","Vulnerability Scanning"],"salary":35621},
{"id":70,"first_name":"Dona","last_name":"Carlsson","email":"dcarlsson1x@google.com","skill":["Twill","Offshore Outsourcing","QLab","Employment Law","Jidoka"],"salary":44291},
{"id":71,"first_name":"Kariotta","last_name":"Acomb","email":"kacomb1y@umich.edu","skill":["CCU","Not for Profit","Accounts Receivable","GTM","FMLA"],"salary":45179},
{"id":72,"first_name":"Devy","last_name":"Maypole","email":"dmaypole1z@opensource.org","skill":["DXL","PwC TeamMate","Drupal","Fiber Optics","Lotus Notes"],"salary":44635},
{"id":73,"first_name":"Danika","last_name":"Othick","email":"dothick20@indiegogo.com","skill":["PL/SQL","Cyberlaw","UltraTax","IVD","DFMA"],"salary":45176},
{"id":74,"first_name":"Elbertina","last_name":"Swiffan","email":"eswiffan21@icq.com","skill":["Airlines","CEO/CFO Certification","HP Server Hardware","Phase II Subsurface Investigations","JNA"],"salary":39933},
{"id":75,"first_name":"Shea","last_name":"Wright","email":"swright22@whitehouse.gov","skill":["Journal Entries","Bass Guitar","Corporate FP&amp;A","WLL","Credit Analysis"],"salary":25575},
{"id":76,"first_name":"Darby","last_name":"Seacroft","email":"dseacroft23@oracle.com","skill":["Wholesale Operations","Guerrilla Marketing","IGCC","Project Planning","Analog Circuit Design"],"salary":24402},
{"id":77,"first_name":"Eric","last_name":"Chagg","email":"echagg24@mashable.com","skill":["Music Videos","Cloud Computing IaaS","Operational Due Diligence","JGroups","Commercial Piloting"],"salary":25414},
{"id":78,"first_name":"Corbie","last_name":"Riglesford","email":"criglesford25@1688.com","skill":["Requirements Gathering","ICP-MS","Euroclear","Updos","HVAC Controls"],"salary":22887},
{"id":79,"first_name":"Rodrick","last_name":"Berthe","email":"rberthe26@economist.com","skill":["Boating","Jerseys","Jitter","Overseas Experience","Tcpdump"],"salary":25500},
{"id":80,"first_name":"Lamar","last_name":"Oen","email":"loen27@adobe.com","skill":["Numerical Simulation","At Multitasking","Reactive Ion Etching","Zoomerang","OC RDC"],"salary":17675},
{"id":81,"first_name":"Sacha","last_name":"Poacher","email":"spoacher28@oakley.com","skill":["Claim","DDI Certified Facilitator","Government","DNSSEC","Vector NTI"],"salary":25305},
{"id":82,"first_name":"Elsy","last_name":"Boosey","email":"eboosey29@bloomberg.com","skill":["Iron","Distributed Systems","Two-photon Microscopy","Usability Testing","RTL Coding"],"salary":21053},
{"id":83,"first_name":"Jeromy","last_name":"Nono","email":"jnono2a@feedburner.com","skill":["UK Immigration","HDS","Fire Alarm","Agile Methodologies","LBO"],"salary":46922},
{"id":84,"first_name":"Gilberta","last_name":"Vannucci","email":"gvannucci2b@shop-pro.jp","skill":["Fraud Detection","GPU","Real Estate Financing","CPOE","BPML"],"salary":25264},
{"id":85,"first_name":"Jemie","last_name":"Akehurst","email":"jakehurst2c@cisco.com","skill":["nCode","Kitchen Cabinets","Switches","PDE","Teaching"],"salary":44286},
{"id":86,"first_name":"Ivonne","last_name":"Pamplin","email":"ipamplin2d@chron.com","skill":["Interactive TV","Alternative Dispute Resolution","IPSec","RVM","Medicine"],"salary":41722},
{"id":87,"first_name":"Mora","last_name":"Willatts","email":"mwillatts2e@pinterest.com","skill":["French","GPIB","Long Distance Running","Wireless Networking","Pharmaceutical Industry"],"salary":37918},
{"id":88,"first_name":"Saundra","last_name":"McCarrell","email":"smccarrell2f@yellowbook.com","skill":["Philanthropy","JNA","TI DSPs","BMC Remedy User","Athletic Training"],"salary":45255},
{"id":89,"first_name":"Urbano","last_name":"Murrey","email":"umurrey2g@soup.io","skill":["MBCS","GI","VFX Supervision","Job Search","PCR"],"salary":17930},
{"id":90,"first_name":"Therese","last_name":"McMurty","email":"tmcmurty2h@ovh.net","skill":["GIS","Power Utilities","Cerner","Python","Geological Mapping"],"salary":49827},
{"id":91,"first_name":"Kristel","last_name":"Nation","email":"knation2i@globo.com","skill":["Payroll","Corel Draw","HBA","Legislative Affairs","RRP"],"salary":35032},
{"id":92,"first_name":"Danette","last_name":"Hallahan","email":"dhallahan2j@behance.net","skill":["Physician Relations","Virtualization","TMA","Ultiboard","LAN Switching"],"salary":29422},
{"id":93,"first_name":"Courtenay","last_name":"Dawes","email":"cdawes2k@woothemes.com","skill":["Character Rigging","Strategy","AQL","Long-term Care","Gypsum"],"salary":41251},
{"id":94,"first_name":"Doria","last_name":"Joye","email":"djoye2l@wunderground.com","skill":["Customer Insight","BSI Tax Factory","National Accounts","Glaucoma","HSE Management Systems"],"salary":35679},
{"id":95,"first_name":"Doro","last_name":"Sprigings","email":"dsprigings2m@w3.org","skill":["Editing","Alumni Relations","Nagios","VM","LPN"],"salary":15557},
{"id":96,"first_name":"Cami","last_name":"McGilbon","email":"cmcgilbon2n@reddit.com","skill":["Dhcpd","Piano Education","LPN","CMOS","MySQLi"],"salary":18056},
{"id":97,"first_name":"Claudia","last_name":"Leyton","email":"cleyton2o@sbwire.com","skill":["Corporate Identity","OTA","FMLA","VNA","MFS"],"salary":18009},
{"id":98,"first_name":"Birgitta","last_name":"Bascomb","email":"bbascomb2p@jalbum.net","skill":["MBE","VMware VTSP","Juvenile Law","Web Applications","Events Organisation"],"salary":49683},
{"id":99,"first_name":"Karylin","last_name":"Fritz","email":"kfritz2q@columbia.edu","skill":["Salesforce.com","Deep Tissue Massage","ISO 27001","Wicklander-Zulawski Interview &amp; Interrogation","CTP"],"salary":37282},
{"id":100,"first_name":"Matti","last_name":"Poate","email":"mpoate2r@ucsd.edu","skill":["UGS","XRY","Systems Design","XOG","International Logistics"],"salary":31707}]