[{"company":"BlueLinx Holdings Inc.","industry":"Wholesale Distributors","phone":["412-945-7955","725-204-7518","791-885-7530"]},
{"company":"CombiMatrix Corporation","industry":"Hospital/Nursing Management","phone":["640-417-8425","757-351-1455","802-745-5127"]},
{"company":"Greenlight Reinsurance, Ltd.","industry":"Property-Casualty Insurers","phone":["945-889-8610","101-992-5411","582-446-7677"]},
{"company":"GTx, Inc.","industry":"Major Pharmaceuticals","phone":["577-312-1798","177-794-7362","622-736-8505"]},
{"company":"Century Casinos, Inc.","industry":"Hotels/Resorts","phone":["914-379-8473","541-993-5127","870-309-0988"]},
{"company":"Hanesbrands Inc.","industry":"Clothing/Shoe/Accessory Stores","phone":["136-497-7220","813-288-0158","101-815-7237"]},
{"company":"G. Willi-Food International,  Ltd.","industry":"Food Distributors","phone":["295-131-3057","188-146-9180","322-231-7635"]},
{"company":"Miller/Howard High Income Equity Fund","industry":"n/a","phone":["433-687-4793","976-925-1167","107-764-2499"]},
{"company":"National Research Corporation","industry":"Biotechnology: Commercial Physical & Biological Resarch","phone":["480-686-1818","385-767-9376","568-234-5274"]},
{"company":"Eastern Virginia Bankshares, Inc.","industry":"Major Banks","phone":["749-897-1643","318-601-1019","875-274-9992"]},
{"company":"Boston Omaha Corporation","industry":"n/a","phone":["694-616-1059","468-789-3427","311-969-4198"]},
{"company":"Grand Canyon Education, Inc.","industry":"Other Consumer Services","phone":["885-230-8752","998-342-6745","803-175-6742"]},
{"company":"Sprott Focus Trust, Inc.","industry":"n/a","phone":["570-178-5809","443-220-0621","989-281-6808"]},
{"company":"Magellan Health, Inc.","industry":"Hospital/Nursing Management","phone":["307-916-2219","225-876-8984","436-667-2889"]},
{"company":"HSBC Holdings plc","industry":"n/a","phone":["707-430-9011","471-279-3978","443-984-8400"]},
{"company":"Ares Dynamic Credit Allocation Fund, Inc.","industry":"n/a","phone":["899-528-4580","421-660-7139","791-692-8488"]},
{"company":"aTyr Pharma, Inc.","industry":"Biotechnology: Biological Products (No Diagnostic Substances)","phone":["801-932-4310","741-524-1724","822-661-1591"]},
{"company":"Acuity Brands Inc","industry":"Building Products","phone":["269-348-5960","337-424-4428","750-120-2341"]},
{"company":"Stratus Properties Inc.","industry":"Homebuilding","phone":["197-437-1556","833-797-4305","375-556-2394"]},
{"company":"BGC Partners, Inc.","industry":"Investment Bankers/Brokers/Service","phone":["277-322-4029","589-774-0200","225-967-4067"]},
{"company":"Codorus Valley Bancorp, Inc","industry":"Savings Institutions","phone":["628-277-4320","357-283-5325","465-981-7154"]},
{"company":"Syneron Medical Ltd.","industry":"Biotechnology: Electromedical & Electrotherapeutic Apparatus","phone":["445-759-9407","803-957-0485","329-777-0102"]},
{"company":"Ctrip.com International, Ltd.","industry":"Business Services","phone":["391-699-9752","400-182-4391","449-357-4128"]},
{"company":"ANSYS, Inc.","industry":"Computer Software: Prepackaged Software","phone":["647-479-1129","802-967-3754","407-883-2505"]},
{"company":"Nicholas Financial, Inc.","industry":"Finance Companies","phone":["977-804-9354","298-689-4648","729-335-5210"]},
{"company":"Crescent Point Energy Corporation","industry":"Oil & Gas Production","phone":["122-371-7460","295-990-0535","371-747-0322"]},
{"company":"EnLink Midstream Partners, LP","industry":"Natural Gas Distribution","phone":["545-147-0799","623-454-8083","891-294-0490"]},
{"company":"The Advisory Board Company","industry":"Other Consumer Services","phone":["641-913-3675","445-337-4493","120-657-0642"]},
{"company":"Evoke Pharma, Inc.","industry":"Major Pharmaceuticals","phone":["555-498-4108","566-540-1184","220-657-4264"]},
{"company":"VictoryShares International High Div Volatility Wtd ETF","industry":"n/a","phone":["381-353-8235","201-165-3778","301-925-7224"]},
{"company":"Unilever PLC","industry":"Package Goods/Cosmetics","phone":["326-447-2127","569-451-0646","670-966-6857"]},
{"company":"Iridium Communications Inc","industry":"Telecommunications Equipment","phone":["244-413-2659","524-366-7273","271-877-9796"]},
{"company":"Omnicell, Inc.","industry":"Computer Manufacturing","phone":["665-543-3764","101-298-4900","188-484-2320"]},
{"company":"Triangle Capital Corporation","industry":"n/a","phone":["560-969-6637","964-503-9578","476-452-9900"]},
{"company":"Gladstone Commercial Corporation","industry":"Real Estate","phone":["330-842-0621","827-663-2587","560-728-8166"]},
{"company":"KBR, Inc.","industry":"Military/Government/Technical","phone":["747-139-1868","834-216-1947","225-233-5400"]},
{"company":"Vanguard Total International Bond ETF","industry":"n/a","phone":["539-374-7650","274-498-6996","811-337-4894"]},
{"company":"Middlesex Water Company","industry":"Water Supply","phone":["842-710-6254","467-862-1149","201-564-1771"]},
{"company":"DTE Energy Company","industry":"Electric Utilities: Central","phone":["726-768-3992","128-460-5611","773-285-1870"]},
{"company":"Eagle Point Credit Company Inc.","industry":"n/a","phone":["976-844-1209","118-324-7507","444-760-0271"]},
{"company":"Federated National Holding Company","industry":"Property-Casualty Insurers","phone":["133-627-1260","209-765-1128","762-468-6984"]},
{"company":"Nuveen Multi-Market Income Fund","industry":"n/a","phone":["772-111-2200","377-565-8262","847-379-0342"]},
{"company":"The Hain Celestial Group, Inc.","industry":"Packaged Foods","phone":["336-630-6749","806-466-5789","766-719-5832"]},
{"company":"GigaMedia Limited","industry":"Computer Software: Programming, Data Processing","phone":["135-795-6769","972-789-3345","330-830-4276"]},
{"company":"ClearBridge Energy MLP Opportunity Fund Inc.","industry":"n/a","phone":["539-617-1215","324-899-0886","311-822-0636"]},
{"company":"Blackrock MuniVest Fund II, Inc.","industry":"n/a","phone":["160-816-0288","630-389-9676","194-355-1496"]},
{"company":"Kornit Digital Ltd.","industry":"Industrial Machinery/Components","phone":["424-993-4434","850-445-3719","362-584-5392"]},
{"company":"Equity Lifestyle Properties, Inc.","industry":"Real Estate Investment Trusts","phone":["471-983-3498","341-765-9709","676-411-6240"]},
{"company":"Bill Barrett Corporation","industry":"Oil & Gas Production","phone":["412-108-0722","309-792-5379","547-621-3122"]},
{"company":"Sussex Bancorp","industry":"Major Banks","phone":["823-470-9963","932-202-1595","362-856-7184"]}]