CourseID, CourseTitle, Credits, Instructor
ITP100, Introduction to Microcomputer Applications, 3, Gilliam
ITP110, Introduction to HTML/CSS, 3, Schurter
ITP153, Introduction to Information Systems, 4, Troianos
ITP202, Project Management, 3, Cottrell
ITP211, Programming Mobile Applications, 3, Idahosa
ITP252, GUI Development, 3, Cottrell
ITP253, Introduction to Computer Systems, 4, Eltringham
ITP262, Programming Enterprise Applications, 4, Cottrell
ITP276, Object-Oriented Programming, 5, Idahosa
ITP301, Introduction to Game Design, 5, Schurter
ITP306, Game Development 1, 4, Schurter
ITP312, Game Development 2, 7, Idahosa
ITP360, User-Centered Design and Testing, 3, Cottrell
ITP362, Web Service Development, 3, Cottrell
ITP371, Data Structures and Algorithms, 7, Cottrell
ITP380, Database Systems, 4, Cottrell
ITP382, Advanced Mobile Development, 3, Cottrell